name,shipping,status,price,free_returns,items_sold
Shop on eBay,,Brand New,2000,False,
Spicy Sour Neon Gummy Worms - Mexican Gummi Gusanos -You Pick Size FREE SHIPPING,0,Brand New,999,False,
HC Gummy Worms,0,Brand New,899,False,
Kool Aid Gummy Worms,200,Brand New,500,False,
Jovy Gummy Worms Net Wt 5 Lb Bag (2.268 kg),0,Brand New,2099,True,24
Gummy Bears Albanese 12 Flavors 5lb Bag With Gourmet Kruise¬Æ Neon Sour Worm 10oz,0,Brand New,1995,False,607
HC Sour Gummy Worms,0,Brand New,1899,False,
Albanese NEON Sour Gummy Worms 1 POUND Bulk Classic Gummies FREE SHIPPING,0,Brand New,1525,True,201
Jovy neon Gummy worms Net Wt 5 Lb Bag (2.268 kg),0,Brand New,2199,True,10
NEW Trolli Sour Bursting Crawlers Dual-Flavor Sour Candy Gummi Worms 4.25 Oz Bag,0,Brand New,725,False,
"Dr. Snack Gummy Candy, Worms, 5 Pound",0,Brand New,2520,False,
Albanese Gummy Bears 12 Flavor 5lb Bag With Gummi Worms 11oz Gourmet Kruise¬Æ Bag,0,Brand New,2195,False,37
COASTAL BAY Sour Neon Worms Chewy Gummy/Gummi BULK Candy- {CHOOSE},0,Brand New,949,False,
Albanese Large Gummy Gummi Fruit Worms 5lb Plus Gourmet Kruise¬Æ Gift Bag 11oz  ,0,Brand New,2395,False,
Gomitas dulces de Trolli dulce agrio agria Sour Gummy Worms 28.8 Ounce,0,Brand New,2483,True,
Albanese Fruit Gummi Worms-2-5lb Bags-Exp. 01/26/23-Free Shipping,0,Brand New,3797,False,
"Yupik Mini Gummy Worms, 2.2 Lb, Chewy Candy",0,Brand New,2853,True,
World's Largest Gummy Worm - Cherry,0,Brand New,4495,True,
Black Forest Organic GUMMY WORMS 8 oz. Assorted Fruit Gummi Candy * BB 10/2022 *,0,Brand New,1200,False,
Trolli SOUR CRUNCHY CRAWLERS 3.8 oz Bag New Limited Edition Candy Gummy Worms**,610,Brand New,498,False,
Albanese 12 Flavor Gummi Worms 7.5 oz Bag (1-Bag),0,Brand New,1092,False,
New Listing5 Pack ALBANESE WORLD'S BEST 12 FLAVOR MINI GUMMI WORMS 9 oz.,0,Brand New,2499,False,
Haribo *CHOOSE YOUR FAVORITES*-Gummy Chewy Candy- (ANY 12 BAGS FOR $39.90),0,Brand New,667,False,
Trolli ~ Sour Bursting Crawlers Gummi Worms ~ Two 4.25oz Bags,0,Brand New,1336,True,
"Black Forest Organic Gummy Worms Candy, 4 Ounce",0,Brand New,1049,False,
Gummi Worms 5lb Bag With Gummy Worms Neon Sour Flavors Gourmet Kruise¬Æ Bag 11oz,0,Brand New,2495,False,
(5) Bags Black Forest Organic Gummy Bears Worms 82 oz (BBD: Aug 2022 or later),0,Brand New,2500,False,
Albanese Assorted Fruit Gummy Worms 5 POUND Bulk Classic Gummies FREE SHIPPING,0,Brand New,2375,True,87
"Smart Sweets Gummy Worms, Candy with Low Sugar (3g), Low Calorie 1.8oz.",0,Brand New,799,True,
"Black Forest Organic Gummy Worms, 4 Ounce, Pack of 12",0,Brand New,5126,True,
"Albanese SOUR Mini Neon Gummi Worms 7 oz Bags,  3 Bags Free Shipping!",0,Brand New,1990,False,
"Albanese 12 Flavor Mini Gummi Worms 7.5 oz Bags,  3 Bags  Free Ship!",0,Brand New,1990,False,
"Super Sour Worms , Sour Worms Item Weight 1lb-5lb",0,Brand New,1299,True,
"Warheads Lil Worms Gummi Candy Chews, 1.41 Ounce Bag - 12 Count Display Box",0,Brand New,1627,False,
"Trolli Sour Brite Crawlers Very Berry Gummy Worms, 5 Pound Bulk Candy Bag",499,Brand New,5199,True,32
New ListingGummi Worms Fruit Flavor Gummy Worms bulk gummy candy 5 pounds,0,Brand New,2486,False,
*NEW* Trolli FRUIT PUNCH Sour Brite Crawlers Gummy Worms {LOT OF 2 BAGS},0,Brand New,1099,False,
Trolli ~ Very Berry ~ Sour Brite Crawlers Gummi Worms ~ Resealable 14oz Bag,0,Brand New,1467,True,20
"Black Forest Gummy Worms, 4.5 Ounce (Pack of 12)",0,Brand New,2400,False,
"Trolli Sour Brite Crawlers Gummy Worms, Theater Box, 3.5 Ounce, Pack of 12, Mult",0,Brand New,3834,True,
Classic Gummy Candy Pack | Albanese | Haribo Sour Worms Sour Bears [Pack of 6],0,Brand New,2399,False,
Sour Neon Brightly Colored Gummy Worms | By Blue Clover Foods | Vibrant Soft ...,0,Brand New,1778,False,
"Sour Brite Crawlers Very Berry Gummy Worms, 5 Lb Bulk Candy Bag",0,Brand New,4104,True,
Albanese Assorted Fruit Gummy Worms 1 POUND Bulk Classic Gummies FREE SHIPPING,0,Brand New,1495,True,
(1) Bag Of Black Forest Organic Gummy Worms Chewy Candy 8 Oz *1,0,Brand New,1045,False,
Black Forest GUMMY WORMS 4.5 oz. Assorted Real Fruit Juice Gummi Candy *BB 6/23*,0,Brand New,800,False,
Sweet & Sour Neon Gummy Worms Candy Bulk Gummi 1 POUND BULK CANDY,0,Brand New,1499,False,
Albanese Gummi Bears 2 - 5 POUNDS 12 Flavor + 2 Gourmet Kruise¬Æ Gummy Sour Worms,0,Brand New,3595,False,55
Albanese NEON Sour Gummy Worms Classic Gummies 15oz SUPER SAVER BULK CANDY,0,Brand New,1125,True,
Albanese 4.5 lb SOUR MINI NEON GUMMI WORMS Gummy Chewy Sanded Candy Sealed Bag,0,Brand New,2399,False,
EFrutti Gummie Movie Bag 2.7 oz Gummy Pizza Hot Dog Popcorn Sour Worms Free Ship,0,Brand New,749,False,
(Lot of 4) New Bags  Lily‚Äôs Sour Gummy Worms Fruity Sour Flavors/ No Sugar Added,0,Brand New,1999,False,
Lily's - Sour Gummy Worms Tart 'n Tasty Fruit - 1.8 oz.,0,Brand New,703,False,
Haribo RAINBOW WORMS Gummi Candy 4 oz Share Size Fruit Gummy ** BB 8/2023 **,0,Brand New,800,False,
Albanese NEON Sour Gummy Worms 3 POUND Bulk Classic Gummies FREE SHIPPING,0,Brand New,2025,True,18
"gomitas dulces de Trolli dulce agrio agria Sour Gummy Worms, 28.8 Ounce",0,Brand New,1002,True,8
Trolli Sour Brite Crawlers Very Berry Gummi Candy 5 oz.,0,Brand New,599,False,
Trolli Sour Brite Crawlers Gummy Worms,0,Brand New,4899,False,
Albanese NEON Sour Gummy Worms 4.5 POUND Bulk Classic Gummies FREE SHIPPING,0,Brand New,2385,True,87
"Sour Brite Crawlers Gummy Worms, 28.8 Ounce, Cherry, Lemon, Strawberry, Grape, O",0,Brand New,1015,False,
Surf Sweets Gummy Worms 2.75 oz Pkts,0,Brand New,572,True,
TROLLI  SQUIGGLES Fruit Flavor Duo's Gummi Gummy Worms {LOT OF 2 BAGS},0,Brand New,1044,False,
NEW Cards Against Humanity Remember to Vote Gummy Worms Candy,0,Brand New,888,False,
"(x3) Albanese, Gummi Worms, 12 flavors, 9 oz.,04/2023",0,Brand New,1599,False,
Albanese Gummy Worms Sour 4.5lb. With Fruit Worms Gourmet Kruise¬Æ Gift Bag 11oz ,0,Brand New,3250,False,17
Jade Li Hing Sour Gummy Worms 16 oz (Pack of 2),0,Brand New,3300,False,
GUMMIES - Albanese Mini Gummi / Gummy Worms - Select Weight,0,Brand New,1599,False,
Jovy neon Gummy Bears Net Wt 5 Lb Bag (2.268 kg),0,Brand New,2199,True,
Albanese Large Gummy Gummi Fruit Worms 5lb +(3) Gourmet Kruise¬Æ Gift Bags 11oz  ,0,Brand New,2995,False,
Albanese NEON Sour Gummy Worms 2 POUND Bulk Classic Gummies FREE SHIPPING,0,Brand New,1765,True,66
Gummy Worms Bulk | By Blue Clover Foods | Candy Gummi Colorful Party Worms | ...,0,Brand New,1708,False,
Gummy Gummi Worms Bears Sour Chocolate Covered Assorted Flavors Free Shipping,0,Brand New,1499,False,
Alamo Candy Gummi Worm Blood Crawler 8 oz,499,Brand New,629,False,
Shop on eBay,,Brand New,2000,False,
Trolli Very Berry Sour Brite Crawlers Gummi Worms Resealable 14oz Bag,0,Brand New,1495,True,
"Trolli Sour Brite Mini Crawlers Gummy Worms, 2 Oz Bag (Pack Of 18)",0,Brand New,3411,False,
"Trolli Sour Brite Crawlers Gummy Worms, 28.8 Ounce, Cherry, Lemon, Strawberry, G",0,Brand New,2304,True,
Albanese 12 Flavor Gummi Worms 7.5 oz Bag [12-Bags],0,Brand New,4012,False,
Gummy Worms Bulk | By Blue Clover Foods | Candy Gummi Colorful Party Worms | ...,0,Brand New,1708,False,
Sour Brite Crawlers Gummy Worms 28.8 Ounce Cherry Lemon Strawberry Grape O,0,Brand New,950,True,
Albanese Assorted Fruit Gummy Worms 2 POUND Bulk Classic Gummies FREE SHIPPING,0,Brand New,1715,True,34
GUMMIES - Albanese Mini Sour Neon Gummi Worms Gummy Worms - Select Weight,0,Brand New,999,False,
Jade Li Hing Sour Gummy Watermelon 14oz &Li Hing Sour Gummy Worms 16oz (1bag ea),0,Brand New,3300,False,
The Yummy Guru- Assorted SOUR BEARS & WORMS-Gummy/Gummi Candy-1 POUND BAG-SHIP24,0,Brand New,1388,True,
Albanese Assorted Fruit Gummy Worms Classic Gummies 15oz SUPER SAVER BULK CANDY,0,Brand New,1105,True,
NEW - World's Largest Gummy Worm 3 lbs Cherry Blue Raspberry,2157,Brand New,3799,False,
Albanese Mini Gummi Worms || 5 Lb || Free Expedited Shipping!,0,Brand New,1999,False,
"Sour Brite Crawlers Very Berry Gummy Worms, 5 Lb Bulk Candy Bag",0,Brand New,5599,False,
"Albanese Mini Gummi 12 Flavor Variety Pack of Bears, Worms, Butterflies in Origi",0,Brand New,5171,True,
Haribo Gummy Chewy Sour Candy 3oz-8oz,0,Brand New,549,False,
Gummy Worms (3 Pack) Gummi (NET WT 33 OZ) Gourmet Kruise¬Æ Gift Bags,0,Brand New,1995,False,
Gummy Worms Neon Sour (3 Pack) Gummi (NET WT 30 OZ) Gourmet Kruise¬Æ Gift Bags,0,Brand New,1995,False,
2 Bags Haribo Rainbow Worms Gummi Candy Peg Bags 4oz Share Size,0,Brand New,600,False,
Haribo Rainbow Worms 5 oz. Bag,0,Brand New,799,False,
Sour Brite Gummi Candy Worms LARGE-2 LB BULK BAG- FREE SHIPPING ,0,Brand New,1999,False,
"3 PACK Haribo Rainbow Gummi Worms - New Flavor Black Currant, Lemon & Strawberry",0,Brand New,1792,True,
Trolli Sour Crunchy Crawlers Berry Lemonade Limited Edition 3.8 oz. Candy 3 Pack,0,Brand New,1999,False,
1Bag Lucky Gummys Worms Neon Candy 2.2 Lb Bulk Candy Bag Tico-Tico Fruit Flavors,0,Brand New,1699,False,
"Trolli, Sour Brite Crawlers Gummy Worms, Very Berry Flavor, 5 oz",0,Brand New,988,True,
"Trolli Sour Tropical Dinos Gummy Candy Family Size, 3 Pack, 12 oz Each. BB 2/23",0,Brand New,1999,False,
(2)Fruit Gummy Worms (1)Neon Sour  (3 Pack) Gummi (NET WT 32 OZ) Gourmet Kruise¬Æ,0,Brand New,1995,False,
"12 bags per case/bag, pack candy store",1203,Brand New,695,False,
Gummi Candy Assorted Flavors Bears Worms Sour Chocolate Free Expedited Shipping,0,Brand New,899,False,
Gummi Bears Worms Assorted Flavors Sour Chocolate Covered Expedited Shipping,499,Brand New,599,False,
3 x HARIBO WORMS German Fruit Flavor Gummy Candy 150g 6.3oz,0,Brand New,2355,True,
"Trolli Sour Brite Crawlers Gummy Worms, 28.8  Strawberry, Grape, Orange and Lime",0,Brand New,1259,True,
2 Packs Of Trolli Sour Brite Crawlers 9oz. Each,400,Brand New,850,False,
Albanese Assorted Fruit Gummy Worms 10 POUND Bulk Classic Gummies FREE SHIPPING,0,Brand New,4295,True,19
Albanese World's Best Sour Mini Neon Gummi Worms 7 Ounce [1-Bag],0,Brand New,1160,False,
"Trolli Sour Brite Crawlers Gummy Worms, 5 lb Bulk Candy Bag Sour Assorted",0,Brand New,3652,True,
"Sour Brite Crawlers Gummy Worms, 28.8 Ounce, Cherry, Lemon, Strawberry, Grape, O",0,Brand New,1352,False,
Jade Li Hing Sour Strawberry Gummy 14oz &Li Hing Sour Gummy Worms 16oz (1bag ea),0,Brand New,3300,False,
10 x HARIBO WORMS German Fruit Flavor Gummy Candy 150g 6.3oz,0,Brand New,5530,True,
4x bags Trolli sour worms/crawlers candy üç¨ 800g | 1.76 lbs ‚úà TRACKED SHIPPING,0,Brand New,2871,False,
Albanese Sour Neon Gummy Gummi Worms 4.5lb + Sour Neon Gourmet Kruise¬Æ Bag 11oz,0,Brand New,3250,False,
Gummi Worms Fruit Flavor bulk gummy candy 2 pounds,0,Brand New,1777,False,
"Trolli Sour Brite Crawlers Very Berry Gummy Worms, 5 Pound Bulk Candy Bag",0,Brand New,3796,False,
"Trolli Sour Brite Octopus Gummy Worms, 4.25 Ounce, Cherry Grape, Strawb Exp 6/23",0,Brand New,599,True,
6x Bags Haribo Rainbow Worms Gummi Candy Peg Bags 5oz Share Size Free Shipping!,0,Brand New,2141,True,
"Buc-ee's Gummi Worms Candy in a Resealable Bag, 12 Ounces",0,Brand New,1298,True,
Trolli Sour Brite Crawlers Very Berry Gummy Worms 5 Lb Bulk Candy Bag,500,Brand New,5544,False,30
Trolli Sour Crunchy Crawlers Berry Lemonade Limited Edition 3.8 oz. Candy 2 Pack,0,Brand New,1499,False,
(2)Neon Sour (1) Fruit Gummy Worms (3 Pack) Gummi (NET WT 31 OZ) Gourmet Kruise¬Æ,0,Brand New,1995,False,
"12 Bags Trolli Sour Brite Octopus Gummy Worms, 4.25 Oz, Cherry Grape, Exp 6/23",0,Brand New,2999,True,
HARIBO WORMS German Fruit Flavor Gummy Candy 150g 6.3oz,0,Brand New,1248,True,
"New ListingBlack Forest Gummy Worms, 28.8 Ounces, 6 Per Case",0,Brand New,7339,False,
colorless gummy worm no color casey's¬†,0,Brand New,50000,False,
"Trolli Sour Brite Crawlers Very Berry Gummy Worms, 5 Pound Bulk Candy Bag",0,Brand New,3899,False,
"Trolli Sour Brite Crawlers Gummy Worms, 5 Pound Bulk Candy Bag Multicolor ",0,Brand New,3395,False,9
Sour Worms Project 7 (4 Pack),428,Brand New,1000,False,
Trolli Sour BURSTING Crawlers Worms Gummi Candy {3 BAGS} A Flavor Explosion!,0,Brand New,1424,False,
"Gummies, sour bears & worms, 1 package, candy,gummy,mixed drinks",900,Brand New,1800,False,
Sour Brite Crawlers Gummy Worms 28.8 Ounce Cherry Lemon Strawberry Grape O,0,Brand New,954,True,
"12 PACK Trolli, Sour Brite Crawlers Gummy Worms, Very Berry Flavor, 5 oz",599,Brand New,2519,True,
HARIBO Rainbow Worms Gummies Gummy Candy 4oz Bag Set of 2 bags,0,Brand New,1485,True,
Trolli Sour Brite Crawlers Very Berry Gummy Worms 7.2 oz Gummi,709,Brand New,499,False,
Trolli Sour Brite Crawlers Very Berry Gummy Worms 5 Lb Bulk Candy Bag,0,Brand New,3587,True,17
1- ALBANESE WORLD'S BEST 12 FLAVOR MINI GUMMI WORMS 36oz/2.25 lbs. Exp 09/2023,0,Brand New,1775,False,
"Albanese Fat-Free Gluten-Free Assorted Flavors Gummi Worms, 7.5 Oz.",699,Brand New,1269,False,
Albanese NEON Sour Gummy Worms 9 POUND Bulk Classic Gummies FREE SHIPPING,0,Brand New,4295,True,11
"**NEW**Haribo ""RAINBOW WORMS""- New Fruity Flavors! Gummi/Gummy Candy ",0,Brand New,1099,False,
Albanese Assorted Fruit Gummy Worms 3 POUND Bulk Classic Gummies FREE SHIPPING,0,Brand New,1935,True,
Buc-ee's Gummi Bundle: 12 Flavor Gummi Bears and Gummi Worms in Resealable...,0,Brand New,2187,True,
Sour Mini Gummi Worms  ||  8 Oz || Gummy Candy,599,Brand New,389,False,
Trolli Jelly Candy Gummi ~ Squiggles Serpents Gelifies by Mederer Package Only,0,Brand New,350,False,
"Sour Brite Crawlers Gummy Worms, Theater Box, 3.5 Ounce, Pack of 12, Multi",0,Brand New,2199,True,
"2x New! Trolli Sour Brite Crawlers, 4-oz. Bags, Sweet & Sour (VERY BERRY) ",0,Brand New,1099,True,
Albanese World's Best Sour Mini Neon Gummi Worms 7 Ounce [12-Bags],0,Brand New,4012,False,
Trolli Sour Brite Crawlers Variety Pack Collector Series Rick And Morty,0,Brand New,3895,True,
Shop on eBay,,Brand New,2000,False,
"Trolli Squiggles Sour Gummy Candy, 5 Ounce Bag, [Pack of 12]",0,Brand New,3336,False,
"Trolli Sour Brite Crawlers Very Berry Gummy Worms, 5 Pound Bulk Candy Bag",0,Brand New,7032,False,
"Trolli Sour Brite Crawlers Gummy Worms, 28.8 Ounce",499,Brand New,1099,True,
Full Box 12x Bags Haribo Rainbow Worms Gummi Candy 5oz Share Size Free Shipping!,0,Brand New,3409,True,
"Trolli Sour Brite Crawlers Gummy Worms, 5 Pound Bulk Candy Bag Sour Gummy Worms",0,Brand New,5699,True,
"Trolli Sour Candy Mixed Lot, 5 Bags, Crawlers, Sharks, Octopus 3.4 oz each",1260,Brand New,999,False,
2x Bags Trolli Squiggles Assorted Flavor Gummi Candy | 5oz | Fast Shipping!,0,Brand New,1305,True,
3 Pack EFrutti Gummie Movie Bag 2.7 oz Gummy Pizza Hot Dog Popcorn Sour Worms,0,Brand New,1495,False,
Trolli ~ Sour Bursting Crawlers Gummi Worms ~ Two 6.3oz Big Bags Halo!,0,Brand New,1499,False,
Albanese World‚Äôs Best Fat & Gluten Free 12 Flavor Gummy Worms 11.5 oz Bag,0,Brand New,1450,False,
"1 Bag Lucky Gummys Worms Candy, 2.2 Lb Bulk Candy Bag Tico-Tico  Fruit Flavors",0,Brand New,1999,False,
2 Pack Albanese Sour Mini Neon Gummi Gummy Worms 7 Oz Each Fat & Gluten Free ,0,Brand New,1135,False,
"Trolli Sour Brite Crawlers Very Berry Gummy Worms, 5 Pound Bulk Candy Bag",0,Brand New,18462,True,
Albanese  Gummy Candy Worms || 5 Lb Bag || Free Expedited Shipping!,0,Brand New,2825,False,
"Haribo Rainbow Worms Gummi Candy, ONE 4-oz. Bag FREE SHIPPING",0,Brand New,900,False,
"Candy Club Book Worms-fun Candy, Teacher Gifts, Stocking Stuffer,parties",590,Brand New,999,False,
"Great Value Gummy Worms Chewy Candy, 48 oz NEW Exp; Oct-25-2023 (25D)",0,Brand New,1465,False,
"Trolli Sour Brite Crawlers Very Berry Gummy Worms, 5 Pound Bulk Candy Bag",0,Brand New,3796,False,
"Black Forest Gummy Worms Candy, 5 Pound, Pack of 1",0,Brand New,3000,False,
"Trolli Sour Brite Crawlers Very Berry Gummy Worms, 5 Pound Bulk Candy Bag",0,Brand New,3727,True,
"Trolli Sour Brite Crawlers Very Berry Gummy Worms, 5 Pound Bulk Candy Bag",0,Brand New,4053,False,
2x Bags Haribo Rainbow Worms Gummi Candy Peg Bags 5oz Share Size Free Shipping!,0,Brand New,1196,True,
12 Flavor Mini Gummi Worms  ||  9 Oz || Gummy Candy,599,Brand New,389,False,
"2x Trolli Sour Brite Crawlers, 4-oz. Bags, Sweet & Sour Yummy Fruit Flavor Worms",0,Brand New,1099,True,
Haribo Fluffy Stuff Popping Candy & More ***Buy 3 Get 3 Free***,0,Brand New,599,False,
4.5 Lbs 10 Bags 7.2 Ounce Trolli Very Berry Sour Brite Crawlers Gummy Worms,0,Brand New,3500,False,
Black Forest Gummy Worms Candy 5 Pound Pack of 1,0,Brand New,3678,True,
"Happy Bites Sour Neon Gummi Worms 16 oz - Gluten Free, Fat Free, Dairy Free ",495,Brand New,1099,True,
chamoy Sour Gummy Worms,545,Brand New,750,False,
10x Bags Trolli Variety Flavor Sour Gummi Candy | 4.25-5oz | Mix & Match Flavors,0,Brand New,3459,True,
TROLLI BRITE CRAWLERS GUMMI CANDY WORMS 32G.,0,Brand New,960,False,
Full Box 12x Pack Black Forest Gummy Worms Real Fruit Juice Candy Peg Bags 4.5oz,0,Brand New,3443,True,
Trolli Sour Brite Crawlers Very Berry Candy Gummies 3.8 oz x 4 Bags,389,Brand New,1490,True,
"Trolli Sour Brite Crawlers Gummy Worms, 3.4 Ounce (3 Pack)",0,Brand New,1245,False,
Lot Of 5 Bags 4oz  Each Trolli Worms Sour Brite Crawlers Candy Gummy 20oz Total,0,Brand New,1499,False,
"Happy Bites Happy Birthday Gummies Gift Box - Bears, Neon Worms, & Peach Rings",495,Brand New,1399,True,
ALAMO CANDY - SUGAR CANDY - ETHNIC/ 8OZ ( 1 Count),0,Brand New,999,False,
Albanese NEON Sour Gummy Worms 22.5 POUND Bulk Classic Gummies FREE SHIPPING,0,Brand New,8695,True,10
12x Bags Trolli Watermelon Assorted Flavor Gummi Candy | 5oz | Fast Shipping!,0,Brand New,3743,True,
6x Packs Black Forest Gummy Worms Real Fruit Juice Fat Free Candy Peg Bags 4.5oz,0,Brand New,2283,True,
Sour Brite Crawlers Gummy Worms 5 Pound Bulk Candy Bag Sour Gummy Worms New,0,Brand New,3709,False,
Jovy Neon Gummy Worms Soft Candy 5 lb Bulk Party Bag,1299,Brand New,1499,False,
gummy worm,590,Brand New,500,False,
"4PK Albanese Worlds Best Sour Mini Neon Gummi Worms 8oz Ea.Gluten Free, Fat Free",0,Brand New,3600,True,
5pc Realistic Gummy Worms,700,Brand New,450,False,
Gummi Worms Fruit Flavor bulk gummy candy 1 pound,0,Brand New,1541,False,
"Trolli Sour Brite Crawlers Very Berry Gummy Worms, 5 Lb Bulk Candy Bag",0,Brand New,6449,False,
Albanese Gummi Variety Pack Ultimate Bears Worms Sour Butterflies Peach Gummy,0,Brand New,4799,False,
"Trolli Sour Brite Octopus Gummy Worms, 4.25 Ounce Bag",0,Brand New,914,True,
Premium Mini Neon Sour Gummi Worms | By Blue Clover Foods| Vibrant Colorful 2...,0,Brand New,2056,False,
7x Black Forest Organic GUMMY WORMS 4 oz. Assorted Real Fruit Juice *BB 9/22*,0,Brand New,3690,False,
"Trolli Fruit Punch Sour Brite Crawlers, Gummy Worms, 5 Oz.",0,Brand New,1200,False,
Trolli Sour Crunchy Crawlers Berry Lemonade Limited Edition 6.3 oz. Candy,500,Brand New,1000,False,
chamoy Sour Gummy Worms,600,Brand New,1000,False,
Albanese Worlds Best 12 Flavor Mini Gummi Worms - 7.5 ounce (Pack of 2),0,Brand New,1648,False,
SmartSweets Gummy Worms,799,Brand New,1974,False,
Lot of 2 Trolli Sour Brite Crawlers Gummi Worms Chewy Candy 4 oz. ea exp. 10/23,0,Brand New,1249,True,
"Trolli Sour Brite Crawlers Very Berry , 3.4 Ounce (3 Pack)",0,Brand New,1247,False,
LOT 4 ALBANESE WORLD'S BEST 12 FLAVOR GUMMI BEARS + MINI GUMMI WORMS 36 oz. BAGS,1669,Brand New,4499,False,
"Trolli Sour Brite Crawlers Very Berry Gummy Worms, 5 Pound Bulk Candy Bag",499,Brand New,5197,True,
"Sour Brite Crawlers Gummy Worms, 28.8 Ounce, Cherry, Lemon, Strawberry, Grape, ",0,Brand New,1050,False,
"Trolli Sour Brite Crawlers Very Berry Gummy Worms, 5 Pound Bulk Candy Bag",0,Brand New,5361,False,
7 Pounds Sour Bears & Worms - 7 Bags x 1 lb ea. - bb 11/2022,0,Brand New,4250,True,
TROLLI sour Brite crawlers gummy worms 4 ounce bag( 1 Bag),0,Brand New,1009,False,
2x Bags Trolli Very Berry Assorted Flavor Gummi Candy | 5oz | Fast Shipping!,0,Brand New,1305,True,
"Trolli Sour Brite Crawlers Gummy Worms, 5 Pound Bulk Candy Bag Sour Gummy Worms",0,Brand New,8899,True,
Albanese Assorted Fruit Gummy Worms 25 POUND Bulk Classic Gummies FREE SHIPPING,0,Brand New,8695,True,
2x Bags Trolli Watermelon Assorted Flavor Gummi Candy | 5oz | Fast Shipping!,0,Brand New,1305,True,
"Sour Brite Crawlers Gummy Worms, 5 Pound Bulk Candy Bag Sour Gummy Worms",0,Brand New,3792,True,
Trolli Sour Brite Crawlers Mini 18 Ct Worms Britecrawlers Bulk Candy Packs Gummy,0,Brand New,2999,False,
Sour Brite Crawlers Gummy Worms 28.8 Ounce Cherry Lemon Strawberry Grape O,0,Brand New,1003,True,
"Spicy Gummy Worms, soft, sweet, sour & spicy (16 oz Container)",0,Brand New,1599,False,
Three Packs of Trolli Sour Brite Crawlers Very Berry Gummi Candy 5 oz.,0,Brand New,1499,False,
Albanese 12-Flavor 7.5 Oz. Gummi Worms 120156 Pack of 12 Albanese 120156 7.5 Oz.,1185,Brand New,3549,False,
12x Bags Trolli Squiggles Assorted Flavor Gummi Candy | 5oz | Fast Shipping!,0,Brand New,3743,True,
Shop on eBay,,Brand New,2000,False,
Trolli Sour Brite Crawlers Very Berry Gummy Worms 5 Pound Bulk Candy Bag,0,Brand New,5060,True,
12x Bags Trolli Very Berry Assorted Flavor Gummi Candy | 5oz | Fast Shipping!,0,Brand New,3743,True,
3x Packs Black Forest Gummy Worms Real Fruit Juice Fat Free Candy Peg Bags 4.5oz,0,Brand New,1395,True,
HARIBO Worms ZOURR Gelatin Cola Lemon Chew Candy Dessert For Kids Gift Party 80g,0,Brand New,1302,False,
6x Bags Trolli Squiggles Assorted Flavor Gummi Candy | 5oz | Fast Shipping!,0,Brand New,2280,True,
Black Forest Gummies-Gummy Worms- 4.5 Ounce (Pack of 3),499,Brand New,899,False,
"Warheads Lil' Worm Gummi Candy Chews, 3.5 Ounce Theater Box - 12 Count Box",0,Brand New,2597,False,
Trolli Sour Bite Crawlers Gummy Worms 7.2 Oz Bag. Free Shipping,0,Brand New,1200,False,
Lot of 10 Assorted 7.5 oz Bags of Albanese 12 Flavor Gummi:  2+ Lbs Total,0,Brand New,2900,False,
"Sour Brite Crawlers Gummy Worms, 5 Pound Bulk Candy Bag Sour Gummy Worms",0,Brand New,3399,False,
Trolli's Very Berry Sour Brite Crawlers Gummi Worms Resealable 9Oz 5 Bags New,890,Brand New,1385,True,
Sour Mini Neon Worms 1 pound gummy neon worms gummi candy,0,Brand New,1546,False,
"Trolli Sour Brite Crawlers Gummy Candy Worms, 3.96 Pound Tub Sour Gummy Worms",0,Brand New,2807,True,
ALBANESE WORLD'S BEST 12 FLAVOR MINI GUMMI WORMS 2.25 lb Exp 08/2022 ,0,Brand New,2388,False,
Gummi Worms Halloween Fruit Flavor Gummy Worms bulk gummy candy 1 Kg,0,Brand New,2500,False,
Gummi Worms Fruit Flavor Gummy Worms bulk gummy candy 500 g,0,Brand New,2500,False,
"Trolli Sour Bite Crawlers, 5 Ounces - 12 Per Case",0,Brand New,3978,False,
Sour Brite Trolli Crawlers Gummy Candy Mix Sloths  28.8 Ounce Worms Bag New,0,Brand New,1150,False,
"Smart Sweets Gummy Worms, Candy with Low Sugar (3g), Low Calorie 1.8oz. ",560,Brand New,250,False,
Albanese Candy Sour 12 Flavor Mini Gummi Worms 32 oz Bag - 5 Pack,800,Brand New,2500,False,
"TROLLI  ""SWEET"" SQUIGGLES Fruit Flavor Duo's Gummi Gummy Worms {LOT OF 2 BAGS}",0,Brand New,1099,False,
"3 Bags Trolli Sour Brite Octopus Gummy Worms, 4.25 Ounce, Cherry Grape, Exp 6/23",0,Brand New,1499,True,
6x Bags Trolli Watermelon Assorted Flavor Gummi Candy | 5oz | Fast Shipping!,0,Brand New,2280,True,
Trolli Sour Brite Crawlers Very Berry Candy Gummies 4oz bags Set Of 3  exp.09/23,660,Brand New,1799,False,
Lot of 2 Trolli Sour Brite Crawlers Gummi Worms Chewy Candy 4 oz. ea exp. 03/23,590,Brand New,1299,False,
"Trolli Sour Brite Crawlers Gummy Worms, 5 Pound Bulk Candy Bag Sour Gummy Worms",0,Brand New,6999,True,
"18-Pack Trolli Sour Brite Mini Crawlers Gummy Candy Worms, 2 Ounce",0,Brand New,2457,True,
Trolli Sour Brite Mini Crawlers Gummy Worms 2 Ounce Pack of 18,0,Brand New,2844,True,
"Trolli Sour Brite Crawlers Gummy Worms, 28.8 Ounce (Pack of 1)",500,Brand New,1800,False,
Trolli's 3 SEALED 3 Oz Bursting Crawlers Gummy Worms,610,Brand New,2000,False,
Trolli Sour BURSTING Crawlers Worms Gummi Candy {3 BAGS} A Flavor Explosion!,0,Brand New,2199,False,
Trolli Sour Brite Crawlers Assorted Sour Fruit Flavors 5 Oz. Gummi Worms Trolli,1117,Brand New,3078,False,
"Trolli Sour Brite Crawlers Very Berry Gummy Worms, 5 Pound Bulk Candy Bag",0,Brand New,3881,False,
"Sour Brite Crawlers Gummy Worms, 28.8 Ounce, Cherry, Lemon, Strawberry, Grape, O",0,Brand New,1154,False,
"Black Forest Gummy Worms Candy, 5 Pound, Pack of 1",0,Brand New,2249,False,
SmartSweets Gummy Worms Candy Pack of 12 New Low Sugar NIB New ,0,Brand New,3799,False,
6x Bags Trolli Very Berry Assorted Flavor Gummi Candy | 5oz | Fast Shipping!,0,Brand New,2280,True,
Trolli Sour Brite Crawlers Very Berry Gummy Worms 5 Pound Bulk Candy Bag FREESHI,0,Brand New,5583,False,
"Trolli Sour Brite Crawlers Very Berry Gummy Worms, 5 Pound Bulk Candy Bag",0,Brand New,3899,False,
Albanese World's Best 12 Flavor Mini Gummi Worms 27 oz Bag,0,Brand New,1695,False,
Gummi Gummy Worms Bears Sour Chocolate Covered Free Expedited Shipping,0,Brand New,1499,False,
"Trolli Sour Brite Octopus Gummy Worms, 4.25 Ounce",0,Brand New,769,True,
5 lb. Albanese Gummi Worms Topping Assortment Colors Fruity Flavor Gluten Free,0,Brand New,4329,False,
"Trolli Sour Brite Crawlers Gummy Worms, 5 Pound Bulk Candy Bag Sour Gummy Worms",0,Brand New,3774,True,
Favorite Day  Sour Gummi Worms / 2 Pkgs.7 oz. each,0,Brand New,1299,False,
5x Bags Trolli Variety Flavor Sour Gummi Candy | 4.25-5oz | Mix & Match Flavors!,0,Brand New,2121,True,
Sour Brite Crawlers Very Berry Gummy Worms 5Lb Bulk Candy Bag Sour Brite Crawler,0,Brand New,5611,False,
"Trolli Sour Brite Crawlers Gummy Worms, 28.8 Ounce (Pack of 1)",499,Brand New,946,True,
Haribo Starmix Gummi Candy Favorites 3x 4 Oz Bags,0,Brand New,1199,False,
"Trolli Sour Brite Crawlers Very Berry Gummy Worms, 5 5 Pound (Pack of 1) ",0,Brand New,3367,False,
(5) Count Lot Of Smart Sweets Red Twists Berry Punch & Worms 1.8 Oz Each *D,0,Brand New,1695,False,
"Trolli Sour Brite Crawlers Gummy Worms Very Berry , 5 Pound Bulk Candy Bag",1025,Brand New,3048,False,
Trolli Sour Brite Crawlers Very Berry Gummy Worms 5 Lb Bulk Candy Bag & Peach...,0,Brand New,11306,True,
"Sour Brite Crawlers Gummy Worms, 28.8 Ounce, Cherry, Lemon, Strawberry, Grape, O",0,Brand New,996,True,
"Sour Brite Mini Crawlers Gummy Worms, 2 Ounce, Pack of 18",0,Brand New,2651,False,
Surf Sweets Gummy Worm 90% Org,0,Brand New,763,False,
Trolli Sour Brite Crawlers 5 Oz. Gummi Worms.   (26pk) EXP 2/24/2023,1100,Brand New,3900,False,
NEW Trolli Sour Bursting Crawlers Dual-Flavor Sour Candy Gummi Worms 6.3 Oz Bag,0,Brand New,1200,False,
1 Bag Trolli Sour Brite Crawlers 28.8 oz. Value Pack 1.8 lbs. x2/2024  NEW,0,Brand New,1689,False,
4x Warheads Worms Chewy Candy 3 Flavor Combos Theater Box 113g American Candy,797,Brand New,1512,False,
Sour Mini Neon Worms 2 pounds gummy neon worms gummi candy,0,Brand New,1788,False,
Trolli's Very Berry Sour Brite Crawlers Gummi Worms Resealable 9Oz 6 Bag New,0,Brand New,2050,False,
"Trolli Sour Brite Crawlers Very Berry Gummy Worms, 5 Pound Bulk Candy Bag",0,Brand New,3930,False,
"Black Forest Gummy Worms Candy, 5 Pound, Pack of 1",0,Brand New,3277,False,
"Trolli Sour Brite Crawlers Gummy Worms, 28.8 Ounce ",0,Brand New,1067,False,
Sour Mini Neon Worms 4.5 pounds gummy neon worms gummi candy,0,Brand New,2394,False,
Albanese World's Best Gummi Variety Pack 12 Flavor and Sour Bears Mini Worms ...,0,Brand New,4874,True,
Trolli Sour Brite Crawlers Gummy Worms 3.96 Pound Tub Sour Gummy Worms,0,Brand New,2619,True,
Trolli Sour Bite Crawlers Very Berry 7.2 Oz Bag Free Shipping Ships Same Day!,0,Brand New,1200,False,
LOT of 4 Trolli Sour Brite Crawlers 5oz EA (BB 1/23) Cherry-Lemon Strawberry-Gra,0,Brand New,1188,False,
Haribo Goldbears Gummy Bears Chewy Fruit Gummies Candy 80g.X12 FREE Gummy Worm 3,1520,Brand New,9754,False,
"Albanese Worlds Best Mini Gummi Worms, Assorted Flavors, 5 Lb Bag",0,Brand New,3107,False,
Trolli Sour Brite Crawlers Gummy Worms 5 Pound Bulk Candy Bag Sour Gummy Worm...,0,Brand New,7310,True,
Trolli Sour Brite Crawlers 4.0 oz bags 3 Pack,0,Brand New,1899,False,
20x Bags Trolli Variety Flavor Sour Gummi Candy | 4.25-5oz | Mix & Match Flavors,0,Brand New,5283,True,
